{"stats":{"minecraft:mined":{"byg:zelkova_planks":9,"byg:zelkova_log":40,"minecraft:granite":41,"minecraft:grass_block":5,"minecraft:jungle_planks":1,"byg:zelkova_leaves":3,"byg:mahogany_log":6,"minecraft:large_fern":3,"minecraft:hay_block":38,"byg:zelkova_crafting_table":1,"minecraft:furnace":4,"zombie_extreme:ore_lead":1,"minecraft:iron_ore":44,"zombie_extreme:decomposing_backpack":1,"minecraft:fire":14,"zombie_extreme:ore_steel":21,"minecraft:andesite":21,"zombie_extreme:oil_shale_sand":5,"byg:rocky_stone":18,"minecraft:stone":666,"minecraft:crafting_table":6,"minecraft:torch":1,"minecraft:cobblestone":5,"minecraft:oak_planks":13,"minecraft:diorite":42,"minecraft:wall_torch":1,"byg:scoria_stone":23,"minecraft:jungle_wood":9,"zombie_extreme:ore_tin":28,"minecraft:yellow_bed":1,"minecraft:grass":6,"minecraft:oak_log":13,"minecraft:coal_ore":66,"minecraft:sand":8,"minecraft:dirt":17,"minecraft:oak_leaves":4},"minecraft:picked_up":{"byg:mahogany_log":5,"minecraft:crafting_table":5,"minecraft:wheat":3,"zombie_extreme:raw_tin":28,"minecraft:brick":2,"zombie_extreme:decomposing_backpack":1,"minecraft:string":1,"byg:zelkova_log":41,"zombie_extreme:oil_shale":6,"minecraft:furnace":4,"byg:zelkova_planks":41,"byg:zelkova_sapling":1,"minecraft:stick":1,"minecraft:torch":3,"minecraft:diorite":41,"minecraft:rotten_flesh":5,"minecraft:hay_block":38,"zombie_extreme:rotten_apple":3,"minecraft:mutton":2,"byg:rocky_stone":27,"minecraft:cobblestone":841,"zombie_extreme:pipe":1,"minecraft:andesite":20,"minecraft:jungle_wood":32,"minecraft:oak_log":13,"minecraft:yellow_bed":1,"minecraft:gunpowder":10,"minecraft:dirt":42,"zombie_extreme:raw_steel":21,"zombie_extreme:raw_lead":1,"byg:scoria_cobblestone":23,"minecraft:bone":2,"byg:zelkova_crafting_table":1,"minecraft:kelp":3,"minecraft:wheat_seeds":2,"minecraft:iron_ingot":5,"minecraft:stone_pickaxe":1,"minecraft:iron_ore":43,"zombie_extreme:cloth":1,"minecraft:oak_planks":13,"minecraft:sand":8,"minecraft:jungle_planks":71,"minecraft:spider_eye":1,"minecraft:stone_axe":1,"minecraft:granite":41,"vanillahammers:stone_hammer":1,"minecraft:black_wool":1,"minecraft:coal":95},"minecraft:broken":{"minecraft:shield":1,"minecraft:wooden_axe":1},"minecraft:killed":{"minecraft:sheep":1},"minecraft:dropped":{"minecraft:iron_ingot":28,"minecraft:wheat_seeds":2,"minecraft:cobblestone":555,"minecraft:jungle_planks":9,"vanillahammers:stone_hammer":2,"zombie_extreme:rotten_apple":2,"minecraft:sand":1,"byg:scoria_cobblestone":10,"minecraft:stone_axe":1,"minecraft:kelp":3,"minecraft:wheat":1,"minecraft:rotten_flesh":3,"zombie_extreme:raw_steel":16,"zombie_extreme:combat_armor_boots":2,"minecraft:stone_pickaxe":1,"minecraft:brick":2},"minecraft:custom":{"minecraft:mob_kills":1,"minecraft:interact_with_crafting_table":37,"minecraft:open_barrel":5,"minecraft:leave_game":7,"minecraft:time_since_death":1559,"minecraft:sprint_one_cm":240489,"minecraft:walk_one_cm":240033,"minecraft:damage_blocked_by_shield":2686,"minecraft:drop":40,"minecraft:deaths":84,"minecraft:sneak_time":14972,"minecraft:walk_under_water_one_cm":45251,"minecraft:jump":1028,"minecraft:interact_with_blast_furnace":9,"minecraft:walk_on_water_one_cm":26747,"minecraft:interact_with_furnace":54,"minecraft:play_one_minute":162941,"minecraft:time_since_rest":1593,"minecraft:damage_taken":19269,"minecraft:damage_dealt":1083,"minecraft:swim_one_cm":168536,"minecraft:fly_one_cm":105850,"minecraft:player_kills":4,"minecraft:open_chest":43,"minecraft:crouch_one_cm":33112,"minecraft:fall_one_cm":31164},"minecraft:used":{"minecraft:chest":1,"minecraft:shield":66,"minecraft:torch":4,"minecraft:dirt":9,"minecraft:jungle_planks":78,"minecraft:wooden_axe":64,"minecraft:furnace":6,"vanillahammers:stone_hammer":32,"zombie_extreme:decomposing_backpack":1,"vanillahammers:iron_hammer":68,"minecraft:stone_pickaxe":99,"minecraft:oak_planks":16,"minecraft:wooden_pickaxe":45,"byg:rocky_stone":9,"minecraft:sand":3,"minecraft:crafting_table":8,"minecraft:blast_furnace":2,"minecraft:smoker":1,"byg:zelkova_log":15,"minecraft:iron_pickaxe":39,"byg:zelkova_planks":78,"zombie_extreme:pipe":15,"minecraft:stone_axe":12,"minecraft:wooden_sword":2,"minecraft:cobblestone":1,"byg:zelkova_crafting_table":1,"minecraft:andesite":11,"minecraft:golden_pickaxe":11},"minecraft:killed_by":{"zombie_extreme:fetus":1,"zombie_extreme:boomer":7,"minecraft:player":3,"zombie_extreme:night_hunter":5,"minecraft:spider":4,"zombie_extreme:runner":6,"zombie_extreme:divided":3,"born_in_chaos_v1:fallen_chaos_knight":2,"minecraft:drowned":2,"zombie_extreme:ram":1,"zombie_extreme:chainsaw":6,"zombie_extreme:infected_police":2,"zombie_extreme:bomber":2,"born_in_chaos_v1:decaying_zombie":1,"born_in_chaos_v1:bonescaller":1,"born_in_chaos_v1:skeleton_bomb":1,"zombie_extreme:infected":1,"zombie_extreme:infected_military":6,"minecraft:skeleton":7,"minecraft:zombie":1,"born_in_chaos_v1:zombieswith_door":2,"zombie_extreme:infected_hazmat":7,"born_in_chaos_v1:dread_hound":2,"zombie_extreme:crawler":2,"zombie_extreme:military":2},"minecraft:crafted":{"minecraft:wooden_sword":1,"minecraft:smooth_stone":6,"minecraft:oak_planks":52,"byg:zelkova_planks":104,"zombie_extreme:ignotsteel":21,"minecraft:furnace":5,"minecraft:blast_furnace":2,"minecraft:stone":6,"minecraft:stone_pickaxe":2,"minecraft:chest":1,"byg:mahogany_planks":20,"minecraft:smoker":1,"zombie_extreme:ignot_tin":28,"zombie_extreme:ignotlead":1,"minecraft:crafting_table":4,"minecraft:wooden_pickaxe":1,"byg:zelkova_crafting_table":1,"zombie_extreme:combat_armor_boots":3,"minecraft:stone_axe":1,"minecraft:air":0,"minecraft:jungle_planks":112,"vanillahammers:stone_hammer":2,"minecraft:shield":2,"minecraft:stick":36,"minecraft:iron_pickaxe":1,"minecraft:iron_ingot":102,"minecraft:wooden_axe":2,"vanillahammers:iron_hammer":1,"minecraft:iron_block":2,"minecraft:torch":8,"minecraft:shears":1}},"DataVersion":2586}