{"stats":{"minecraft:picked_up":{"minecraft:crafting_table":1,"byg:mahogany_log":5,"minecraft:sand":7,"minecraft:oak_log":13,"minecraft:yellow_bed":1,"zombie_extreme:decomposing_backpack":1,"minecraft:dirt":20,"minecraft:wheat_seeds":1,"minecraft:hay_block":38,"minecraft:black_wool":1,"minecraft:mutton":2,"minecraft:cobblestone":25},"minecraft:mined":{"minecraft:hay_block":38,"zombie_extreme:decomposing_backpack":1,"minecraft:fire":14,"minecraft:yellow_bed":1,"minecraft:crafting_table":1,"minecraft:grass":5,"minecraft:grass_block":1,"minecraft:oak_log":13,"minecraft:sand":7,"minecraft:dirt":4,"minecraft:stone":20,"minecraft:oak_leaves":4,"byg:mahogany_log":6},"minecraft:crafted":{"minecraft:wooden_sword":1,"minecraft:oak_planks":32,"minecraft:crafting_table":2,"minecraft:stick":12,"minecraft:wooden_pickaxe":1,"minecraft:stone_pickaxe":1,"byg:mahogany_planks":20},"minecraft:used":{"zombie_extreme:decomposing_backpack":1,"minecraft:wooden_pickaxe":10,"minecraft:wooden_sword":2,"minecraft:dirt":4,"minecraft:sand":3,"minecraft:crafting_table":2,"minecraft:golden_pickaxe":11},"minecraft:killed":{"minecraft:sheep":1},"minecraft:custom":{"minecraft:time_since_rest":6317,"minecraft:interact_with_furnace":1,"minecraft:sprint_one_cm":82671,"minecraft:damage_taken":5687,"minecraft:walk_one_cm":49154,"minecraft:mob_kills":1,"minecraft:drop":1,"minecraft:damage_dealt":125,"minecraft:swim_one_cm":67152,"minecraft:interact_with_crafting_table":8,"minecraft:fly_one_cm":30670,"minecraft:open_barrel":3,"minecraft:open_chest":5,"minecraft:play_one_minute":40720,"minecraft:crouch_one_cm":6492,"minecraft:deaths":26,"minecraft:sneak_time":3777,"minecraft:walk_under_water_one_cm":10204,"minecraft:jump":266,"minecraft:leave_game":3,"minecraft:time_since_death":6050,"minecraft:walk_on_water_one_cm":7115,"minecraft:fall_one_cm":5546},"minecraft:dropped":{"minecraft:wheat_seeds":1},"minecraft:killed_by":{"zombie_extreme:divided":1,"zombie_extreme:infected_hazmat":5,"born_in_chaos_v1:bonescaller":1,"zombie_extreme:fetus":1,"zombie_extreme:boomer":2,"minecraft:drowned":2,"zombie_extreme:night_hunter":2,"zombie_extreme:infected_military":4,"minecraft:skeleton":1,"zombie_extreme:chainsaw":2,"zombie_extreme:runner":5}},"DataVersion":2586}