{"stats":{"minecraft:custom":{"minecraft:mob_kills":72,"minecraft:interact_with_crafting_table":106,"minecraft:open_barrel":18,"minecraft:leave_game":10,"minecraft:time_since_death":14845,"minecraft:sprint_one_cm":790975,"minecraft:walk_one_cm":999708,"minecraft:damage_blocked_by_shield":65151,"minecraft:drop":159,"minecraft:deaths":180,"minecraft:sneak_time":36828,"minecraft:walk_under_water_one_cm":87405,"minecraft:jump":2478,"minecraft:interact_with_blast_furnace":90,"minecraft:walk_on_water_one_cm":61155,"minecraft:interact_with_furnace":268,"minecraft:play_one_minute":526351,"minecraft:sleep_in_bed":4,"minecraft:time_since_rest":14880,"minecraft:damage_taken":41203,"minecraft:damage_dealt":17471,"minecraft:player_kills":7,"minecraft:swim_one_cm":263101,"minecraft:fly_one_cm":279956,"minecraft:open_chest":318,"minecraft:crouch_one_cm":85387,"minecraft:interact_with_smoker":8,"minecraft:fall_one_cm":68492},"minecraft:crafted":{"minecraft:wooden_sword":1,"marbledsarsenal:desert_military_armor_boots":1,"minecraft:smooth_stone":9,"minecraft:oak_planks":136,"marbledsarsenal:steel_sheet":12,"byg:zelkova_planks":104,"zombie_extreme:ignot_thorium":40,"zombie_extreme:ignotsteel":83,"zombie_extreme:steel_pickaxe":1,"minecraft:furnace":9,"minecraft:blast_furnace":3,"minecraft:stone":9,"zombie_extreme:combat_armor_chestplate":2,"minecraft:cooked_mutton":9,"marbledsarsenal:desert_military_armor_helmet":3,"minecraft:iron_boots":1,"zombie_extreme:rubber":7,"minecraft:stone_pickaxe":2,"vanillahammers:lapis_hammer":4,"minecraft:chest":7,"zombie_extreme:ignot_titan":1,"byg:mahogany_planks":20,"minecraft:smoker":3,"zombie_extreme:ignot_aluminum":25,"sophisticatedbackpacks:iron_backpack":1,"minecraft:cooked_beef":4,"zombie_extreme:ignot_tin":127,"minecraft:red_dye":3,"zombie_extreme:steel_axe":3,"zombie_extreme:ignotlead":27,"sophisticatedbackpacks:backpack":2,"minecraft:cooked_porkchop":4,"minecraft:crafting_table":7,"minecraft:wooden_pickaxe":1,"minecraft:iron_helmet":1,"marbledsarsenal:raw_steel":64,"minecraft:brown_dye":1,"byg:zelkova_crafting_table":1,"minecraft:red_bed":3,"zombie_extreme:steel_plate":4,"marbledsarsenal:desert_military_armor_leggings":1,"zombie_extreme:combat_armor_boots":7,"minecraft:stone_axe":1,"marbledsarsenal:desert_military_armor_chestplate":3,"minecraft:air":0,"minecraft:jungle_planks":244,"vanillahammers:stone_hammer":3,"minecraft:iron_chestplate":1,"minecraft:shield":11,"minecraft:stick":104,"minecraft:iron_ingot":432,"minecraft:iron_pickaxe":2,"minecraft:wooden_axe":2,"vanillahammers:iron_hammer":4,"minecraft:iron_block":8,"marbledsarsenal:steel_ingot":64,"minecraft:iron_shovel":1,"minecraft:gold_ingot":64,"minecraft:iron_leggings":2,"minecraft:white_bed":3,"minecraft:torch":156,"minecraft:shears":1,"minecraft:lapis_block":8},"minecraft:picked_up":{"minecraft:wheat":3,"minecraft:cocoa_beans":3,"byg:mahogany_log":5,"minecraft:crafting_table":7,"byg:soapstone":129,"zombie_extreme:raw_tin":113,"zombie_extreme:police_suit_chestplate":1,"minecraft:brick":6,"zombie_extreme:decomposing_backpack":1,"born_in_chaos_v1:black_argillite":12,"minecraft:string":3,"minecraft:red_bed":1,"minecraft:gold_nugget":2,"byg:zelkova_log":41,"minecraft:spruce_planks":2,"minecraft:beef":4,"minecraft:jungle_sapling":3,"minecraft:light_gray_wool":2,"minecraft:chest":2,"zombie_extreme:oil_shale":18,"minecraft:sugar_cane":20,"zombie_extreme:ignotsteel":42,"minecraft:furnace":10,"byg:zelkova_sapling":1,"byg:zelkova_planks":41,"zombie_extreme:raw_aluminum":25,"minecraft:stick":8,"tac:colt_python":1,"minecraft:oak_fence":14,"minecraft:torch":108,"minecraft:porkchop":4,"minecraft:stone_button":1,"minecraft:diorite":464,"minecraft:redstone":160,"byg:cattail":1,"byg:kovan_flower":3,"zombie_extreme:raw_titan":1,"minecraft:arrow":15,"minecraft:rotten_flesh":45,"born_in_chaos_v1:diamond_thermite_shard":3,"minecraft:shears":2,"minecraft:hay_block":38,"zombie_extreme:rotten_apple":16,"minecraft:gold_ingot":5,"vanillahammers:iron_hammer":1,"minecraft:white_wool":8,"minecraft:mutton":16,"minecraft:cod":3,"byg:rocky_stone":174,"minecraft:cobblestone":7261,"zombie_extreme:pipe":1,"minecraft:andesite":253,"minecraft:leather":6,"minecraft:jungle_wood":65,"minecraft:smoker":1,"minecraft:flint":5,"minecraft:oak_log":13,"minecraft:gunpowder":14,"minecraft:yellow_bed":1,"minecraft:cobblestone_stairs":2,"zombie_extreme:raw_steel":88,"minecraft:dirt":89,"minecraft:lapis_lazuli":183,"zombie_extreme:raw_lead":27,"byg:scoria_cobblestone":203,"minecraft:bone":18,"byg:zelkova_crafting_table":1,"minecraft:kelp":3,"minecraft:wheat_seeds":2,"minecraft:iron_ingot":15,"minecraft:stone_pickaxe":1,"minecraft:iron_ore":335,"zombie_extreme:cloth":8,"minecraft:oak_planks":42,"minecraft:gravel":28,"minecraft:sand":95,"minecraft:jungle_planks":202,"minecraft:blast_furnace":3,"minecraft:spruce_log":6,"minecraft:gold_ore":53,"minecraft:jungle_slab":2,"minecraft:spider_eye":1,"minecraft:oak_wood":218,"minecraft:stone_axe":1,"minecraft:stripped_jungle_wood":2,"minecraft:granite":291,"zombie_extreme:raw_thorium":35,"vanillahammers:stone_hammer":1,"minecraft:black_wool":1,"minecraft:coal":936},"minecraft:broken":{"marbledsarsenal:desert_military_armor_chestplate":2,"vanillahammers:iron_hammer":2,"minecraft:iron_boots":1,"marbledsarsenal:desert_military_armor_helmet":2,"minecraft:iron_leggings":2,"minecraft:shield":8,"zombie_extreme:combat_armor_chestplate":1,"zombie_extreme:combat_armor_boots":4,"minecraft:iron_pickaxe":2,"minecraft:iron_helmet":1,"minecraft:wooden_axe":1,"vanillahammers:lapis_hammer":3},"minecraft:used":{"minecraft:oak_fence":31,"minecraft:iron_shovel":150,"byg:cattail":1,"minecraft:chest":8,"minecraft:shield":433,"minecraft:rotten_flesh":4,"minecraft:torch":225,"minecraft:dirt":12,"minecraft:jungle_planks":98,"minecraft:oak_wood":41,"zombie_extreme:steel_pickaxe":527,"minecraft:wooden_axe":64,"minecraft:iron_axe":1,"minecraft:furnace":13,"vanillahammers:stone_hammer":47,"vanillahammers:lapis_hammer":415,"minecraft:oak_planks":143,"zombie_extreme:decomposing_backpack":1,"minecraft:stone_pickaxe":99,"minecraft:wooden_pickaxe":45,"vanillahammers:iron_hammer":407,"minecraft:jungle_fence":1,"byg:rocky_stone":9,"minecraft:jungle_wood":7,"minecraft:sand":3,"zombie_extreme:steel_axe":265,"minecraft:crafting_table":12,"minecraft:red_bed":4,"minecraft:blast_furnace":6,"minecraft:smoker":4,"byg:zelkova_log":15,"minecraft:iron_pickaxe":498,"byg:soapstone":6,"minecraft:stone_axe":12,"byg:zelkova_planks":78,"zombie_extreme:pipe":17,"minecraft:wooden_sword":2,"minecraft:cobblestone":657,"byg:zelkova_crafting_table":1,"byg:scoria_cobblestone":7,"minecraft:andesite":14,"minecraft:golden_pickaxe":11},"minecraft:killed_by":{"zombie_extreme:fetus":3,"zombie_extreme:boomer":12,"minecraft:player":8,"zombie_extreme:night_hunter":12,"minecraft:spider":4,"zombie_extreme:runner":16,"zombie_extreme:divided":3,"born_in_chaos_v1:wither_strider":1,"born_in_chaos_v1:fallen_chaos_knight":2,"minecraft:drowned":2,"zombie_extreme:ram":3,"zombie_extreme:chainsaw":21,"zombie_extreme:infected_police":6,"zombie_extreme:bomber":2,"born_in_chaos_v1:decaying_zombie":1,"born_in_chaos_v1:bonescaller":1,"born_in_chaos_v1:skeleton_bomb":1,"zombie_extreme:demolisher":1,"zombie_extreme:infected":8,"zombie_extreme:infected_military":15,"minecraft:skeleton":8,"minecraft:zombie":1,"born_in_chaos_v1:diamond_thermite":1,"born_in_chaos_v1:zombieswith_door":2,"zombie_extreme:infected_hazmat":13,"born_in_chaos_v1:dread_hound":3,"zombie_extreme:crawler":2,"zombie_extreme:military":2},"minecraft:killed":{"zombie_extreme:infected_juggernaut":1,"zombie_extreme:divided":1,"minecraft:skeleton":2,"zombie_extreme:ram":1,"zombie_extreme:runner":6,"zombie_extreme:crawler":4,"minecraft:parrot":4,"minecraft:pig":2,"zombie_extreme:boomer":5,"zombie_extreme:infected_military":2,"zombie_extreme:infected":8,"zombie_extreme:infected_hazmat":5,"zombie_extreme:bomber":1,"zombie_extreme:military":1,"minecraft:sheep":10,"born_in_chaos_v1:diamond_thermite":3,"zombie_extreme:infected_police":3,"minecraft:cow":4},"minecraft:dropped":{"minecraft:gold_ore":8,"minecraft:iron_ingot":44,"minecraft:iron_sword":1,"minecraft:wheat_seeds":2,"zombie_extreme:steel_axe":3,"minecraft:cobblestone":2226,"minecraft:leather":2,"minecraft:jungle_wood":10,"zombie_extreme:cloth":1,"minecraft:granite":158,"minecraft:jungle_planks":9,"vanillahammers:iron_hammer":2,"minecraft:coal":71,"vanillahammers:stone_hammer":2,"vanillahammers:lapis_hammer":2,"minecraft:stick":7,"zombie_extreme:rotten_apple":10,"minecraft:diorite":207,"minecraft:torch":155,"tac:colt_python":1,"byg:soapstone":69,"minecraft:gold_nugget":2,"minecraft:sand":14,"minecraft:string":4,"byg:scoria_cobblestone":120,"minecraft:bone":1,"minecraft:gravel":28,"minecraft:stone_axe":1,"minecraft:kelp":3,"minecraft:wheat":1,"minecraft:rotten_flesh":21,"minecraft:oak_planks":15,"zombie_extreme:raw_steel":16,"minecraft:shield":3,"byg:rocky_stone":52,"minecraft:andesite":92,"zombie_extreme:combat_armor_boots":3,"minecraft:stone_pickaxe":2,"minecraft:brick":3},"minecraft:mined":{"byg:zelkova_planks":9,"byg:scoria_cobblestone":3,"born_in_chaos_v1:infected_diamond_ore":3,"byg:cattail":1,"byg:zelkova_log":40,"minecraft:granite":307,"minecraft:grass_block":10,"minecraft:jungle_planks":3,"minecraft:stripped_jungle_wood":3,"born_in_chaos_v1:black_argillite":9,"zombie_extreme:ore_titan":1,"byg:zelkova_leaves":3,"byg:mahogany_log":6,"minecraft:large_fern":4,"minecraft:hay_block":38,"byg:zelkova_crafting_table":1,"minecraft:redstone_ore":25,"minecraft:furnace":10,"minecraft:iron_ore":302,"zombie_extreme:ore_lead":23,"zombie_extreme:decomposing_backpack":1,"minecraft:fire":14,"zombie_extreme:ore_steel":72,"minecraft:andesite":213,"zombie_extreme:oil_shale_sand":17,"byg:rocky_stone":117,"minecraft:stone":5792,"zombie_extreme:ore_aluminum":23,"minecraft:smoker":1,"minecraft:oak_fence":6,"minecraft:torch":19,"minecraft:crafting_table":6,"minecraft:blast_furnace":3,"minecraft:oak_wood":13,"minecraft:chest":2,"minecraft:cobblestone":131,"minecraft:oak_planks":17,"minecraft:lapis_ore":10,"minecraft:sugar_cane":5,"minecraft:diorite":351,"minecraft:wall_torch":8,"byg:soapstone":131,"byg:scoria_stone":228,"minecraft:jungle_wood":12,"zombie_extreme:ore_tin":93,"zombie_extreme:thorium_ore":34,"byg:kovan_flower":3,"byg:short_grass":1,"minecraft:yellow_bed":1,"minecraft:grass":9,"minecraft:coal_ore":653,"minecraft:oak_log":13,"minecraft:cocoa":1,"minecraft:gravel":22,"minecraft:sand":84,"minecraft:dirt":59,"minecraft:gold_ore":31,"minecraft:oak_leaves":4,"minecraft:fern":1}},"DataVersion":2586}