{"stats":{"minecraft:picked_up":{"minecraft:cocoa_beans":12,"byg:mahogany_log":6,"minecraft:crafting_table":3,"minecraft:wheat":1,"born_in_chaos_v1:seedof_chaos":2,"minecraft:brick":1,"zombie_extreme:decomposing_backpack":1,"minecraft:jungle_trapdoor":2,"byg:zelkova_log":27,"minecraft:beef":2,"minecraft:jungle_sapling":1,"zombie_extreme:oil_shale":2,"minecraft:birch_sapling":1,"byg:zelkova_planks":3,"minecraft:stick":2,"minecraft:sandstone":1,"minecraft:oak_fence":2,"minecraft:torch":5,"minecraft:arrow":2,"minecraft:rotten_flesh":15,"byg:mahogany_sapling":3,"zombie_extreme:rotten_apple":4,"byg:palm_log":2,"minecraft:cobblestone":115,"minecraft:birch_log":7,"minecraft:feather":1,"zombie_extreme:combat_armor_boots":1,"minecraft:leather":2,"minecraft:jungle_wood":313,"minecraft:oak_log":13,"minecraft:yellow_bed":2,"minecraft:dirt":42,"byg:blue_sand":36,"born_in_chaos_v1:monster_skin":1,"minecraft:bone":7,"byg:scoria_cobblestone":10,"minecraft:wheat_seeds":2,"minecraft:bamboo":48,"minecraft:oak_planks":153,"minecraft:sweet_berries":5,"minecraft:sand":17,"minecraft:jungle_planks":102,"minecraft:white_bed":1,"minecraft:spruce_log":1,"minecraft:oak_wood":178,"minecraft:dark_oak_wood":2,"minecraft:bricks":1},"minecraft:mined":{"byg:short_beach_grass":1,"byg:zelkova_planks":3,"minecraft:white_bed":1,"minecraft:jungle_leaves":2,"byg:zelkova_log":28,"byg:cattail":1,"minecraft:grass_block":9,"minecraft:jungle_planks":112,"minecraft:spruce_leaves":4,"minecraft:sandstone":1,"byg:mahogany_log":5,"minecraft:large_fern":1,"zombie_extreme:decomposing_backpack":1,"minecraft:fire":41,"byg:mahogany_leaves":10,"minecraft:stone":16,"zombie_extreme:birdsnest":1,"minecraft:jungle_trapdoor":2,"minecraft:oak_fence":2,"minecraft:crafting_table":3,"minecraft:torch":3,"minecraft:dark_oak_wood":2,"minecraft:oak_wood":135,"minecraft:cobblestone":5,"minecraft:oak_planks":6,"minecraft:bricks":1,"minecraft:jungle_wood":308,"byg:palm_log":2,"minecraft:birch_log":7,"minecraft:sweet_berry_bush":2,"minecraft:lilac":1,"minecraft:spruce_log":1,"minecraft:birch_leaves":3,"minecraft:yellow_bed":2,"minecraft:grass":7,"minecraft:oak_log":13,"minecraft:sand":14,"minecraft:dirt":46,"minecraft:oak_leaves":5},"minecraft:broken":{"minecraft:shield":2,"minecraft:iron_axe":1,"minecraft:stone_axe":1,"minecraft:wooden_axe":3},"minecraft:killed":{"zombie_extreme:night_hunter":1,"minecraft:spider":1,"minecraft:parrot":6,"zombie_extreme:boomer":1,"zombie_extreme:infected":1,"zombie_extreme:infected_hazmat":1,"born_in_chaos_v1:dread_hound":2,"zombie_extreme:infected_police":1,"minecraft:cow":1},"minecraft:dropped":{"minecraft:iron_ingot":26,"minecraft:iron_sword":1,"minecraft:wheat_seeds":1,"minecraft:cobblestone":36,"minecraft:jungle_wood":45,"minecraft:coal":64,"vanillahammers:stone_hammer":1,"zombie_extreme:rotten_apple":3,"minecraft:torch":1,"minecraft:iron_axe":1,"minecraft:sand":4,"minecraft:birch_log":1,"minecraft:bone":4,"byg:zelkova_planks":1,"minecraft:birch_sapling":1,"minecraft:wheat":3,"minecraft:rotten_flesh":7,"zombie_extreme:oil_shale":2,"minecraft:stone_pickaxe":1,"minecraft:brick":1},"minecraft:custom":{"minecraft:mob_kills":21,"minecraft:interact_with_crafting_table":33,"minecraft:open_barrel":3,"minecraft:leave_game":6,"minecraft:time_since_death":23864,"minecraft:sprint_one_cm":255763,"minecraft:walk_one_cm":316441,"minecraft:damage_blocked_by_shield":31860,"minecraft:drop":42,"minecraft:deaths":72,"minecraft:sneak_time":27941,"minecraft:walk_under_water_one_cm":36076,"minecraft:jump":2421,"minecraft:interact_with_blast_furnace":1,"minecraft:walk_on_water_one_cm":35234,"minecraft:interact_with_furnace":21,"minecraft:play_one_minute":173967,"minecraft:time_since_rest":23966,"minecraft:damage_taken":16014,"minecraft:damage_dealt":3495,"minecraft:swim_one_cm":99025,"minecraft:fly_one_cm":210618,"minecraft:player_kills":1,"minecraft:open_chest":11,"minecraft:crouch_one_cm":85535,"minecraft:fall_one_cm":48455},"minecraft:used":{"minecraft:oak_fence":164,"minecraft:flint_and_steel":6,"minecraft:spruce_planks":2,"minecraft:shield":24,"minecraft:iron_sword":30,"minecraft:torch":14,"minecraft:dirt":11,"minecraft:jungle_planks":218,"byg:palm_log":1,"minecraft:oak_wood":7,"minecraft:jungle_trapdoor":4,"minecraft:glass":13,"minecraft:wooden_axe":229,"minecraft:bricks":1,"minecraft:iron_axe":316,"minecraft:bamboo":5,"minecraft:sweet_berries":1,"minecraft:furnace":1,"minecraft:water_bucket":3,"zombie_extreme:decomposing_backpack":1,"minecraft:birch_planks":2,"minecraft:stone_pickaxe":3,"minecraft:jungle_fence":6,"minecraft:oak_planks":102,"minecraft:wooden_pickaxe":21,"minecraft:jungle_wood":176,"minecraft:crafting_table":6,"byg:mahogany_planks":3,"minecraft:iron_pickaxe":3,"byg:zelkova_planks":108,"zombie_extreme:pipe":3,"minecraft:stone_axe":111,"minecraft:jungle_sign":6,"minecraft:fire_charge":1,"minecraft:cobblestone":45,"minecraft:bucket":3,"byg:palm_planks":4},"minecraft:killed_by":{"minecraft:player":2,"zombie_extreme:night_hunter":4,"minecraft:spider":4,"zombie_extreme:runner":3,"born_in_chaos_v1:dark_vortex":1,"zombie_extreme:divided":2,"born_in_chaos_v1:baby_skkl":1,"born_in_chaos_v1:fallen_chaos_knight":2,"zombie_extreme:assasin_black_ops":1,"zombie_extreme:chainsaw":7,"zombie_extreme:infected_police":2,"born_in_chaos_v1:decaying_zombie":1,"born_in_chaos_v1:bonescaller":2,"born_in_chaos_v1:decrepit_skeleton":1,"zombie_extreme:demolisher":1,"zombie_extreme:infected":2,"zombie_extreme:infected_military":11,"minecraft:skeleton":3,"minecraft:zombie":3,"zombie_extreme:infected_hazmat":12,"born_in_chaos_v1:dread_hound":4,"born_in_chaos_v1:zombieswith_door_n":1,"zombie_extreme:crawler":2},"minecraft:crafted":{"minecraft:oak_planks":356,"byg:zelkova_planks":108,"minecraft:furnace":1,"minecraft:jungle_trapdoor":4,"minecraft:glass":13,"minecraft:iron_axe":2,"minecraft:stone_pickaxe":2,"byg:mahogany_planks":24,"minecraft:jungle_fence":6,"minecraft:dark_oak_planks":8,"minecraft:oak_fence":162,"minecraft:crafting_table":4,"minecraft:spruce_planks":4,"minecraft:wooden_pickaxe":2,"minecraft:iron_sword":1,"minecraft:bucket":1,"minecraft:birch_planks":24,"minecraft:stone_axe":1,"minecraft:air":0,"minecraft:jungle_planks":316,"byg:palm_planks":4,"minecraft:shield":1,"minecraft:stick":144,"byg:mahogany_slab":6,"minecraft:iron_ingot":4,"minecraft:iron_pickaxe":1,"minecraft:wooden_axe":4,"minecraft:torch":12,"minecraft:jungle_sign":6}},"DataVersion":2586}