{"stats":{"minecraft:picked_up":{"byg:mahogany_log":6,"born_in_chaos_v1:seedof_chaos":2,"minecraft:leather":2,"minecraft:oak_log":9,"minecraft:yellow_bed":2,"minecraft:brick":1,"minecraft:dirt":40,"byg:blue_sand":36,"minecraft:bone":4,"minecraft:wheat_seeds":2,"minecraft:beef":2,"minecraft:bamboo":48,"minecraft:birch_sapling":1,"minecraft:sandstone":1,"minecraft:sweet_berries":5,"minecraft:white_bed":1,"minecraft:spruce_log":1,"minecraft:rotten_flesh":1,"byg:mahogany_sapling":3,"byg:palm_log":2,"minecraft:dark_oak_wood":2,"minecraft:cobblestone":11},"minecraft:mined":{"byg:short_beach_grass":1,"minecraft:white_bed":1,"byg:cattail":1,"minecraft:dark_oak_wood":2,"minecraft:grass_block":8,"minecraft:spruce_leaves":4,"minecraft:sandstone":1,"byg:mahogany_log":5,"minecraft:large_fern":1,"byg:palm_log":2,"minecraft:fire":41,"minecraft:sweet_berry_bush":2,"minecraft:lilac":1,"minecraft:spruce_log":1,"minecraft:birch_leaves":3,"minecraft:yellow_bed":2,"minecraft:grass":7,"minecraft:oak_log":9,"minecraft:dirt":45,"byg:mahogany_leaves":10,"minecraft:stone":16,"minecraft:oak_leaves":3},"minecraft:crafted":{"minecraft:oak_planks":24,"minecraft:crafting_table":2,"minecraft:spruce_planks":4,"minecraft:wooden_pickaxe":1,"minecraft:furnace":1,"byg:palm_planks":4,"minecraft:stick":8,"byg:mahogany_slab":6,"minecraft:stone_pickaxe":1,"minecraft:wooden_axe":1,"byg:mahogany_planks":24,"minecraft:dark_oak_planks":8},"minecraft:used":{"minecraft:flint_and_steel":6,"minecraft:spruce_planks":2,"minecraft:wooden_pickaxe":17,"minecraft:dirt":8,"minecraft:crafting_table":2,"byg:palm_log":1,"byg:mahogany_planks":3,"minecraft:wooden_axe":4,"minecraft:bamboo":5,"minecraft:fire_charge":1,"minecraft:sweet_berries":1,"minecraft:furnace":1,"byg:palm_planks":4},"minecraft:killed":{"minecraft:cow":1},"minecraft:custom":{"minecraft:mob_kills":1,"minecraft:interact_with_crafting_table":4,"minecraft:open_barrel":2,"minecraft:play_one_minute":48044,"minecraft:leave_game":2,"minecraft:time_since_death":7918,"minecraft:time_since_rest":10225,"minecraft:sprint_one_cm":135156,"minecraft:damage_taken":6772,"minecraft:walk_one_cm":65407,"minecraft:drop":2,"minecraft:damage_dealt":178,"minecraft:swim_one_cm":58880,"minecraft:fly_one_cm":134620,"minecraft:open_chest":4,"minecraft:crouch_one_cm":2472,"minecraft:deaths":32,"minecraft:sneak_time":1518,"minecraft:walk_under_water_one_cm":12545,"minecraft:jump":933,"minecraft:walk_on_water_one_cm":18360,"minecraft:fall_one_cm":24697},"minecraft:dropped":{"minecraft:wheat_seeds":1,"minecraft:birch_sapling":1},"minecraft:killed_by":{"born_in_chaos_v1:bonescaller":2,"zombie_extreme:infected":1,"zombie_extreme:infected_military":7,"zombie_extreme:night_hunter":2,"minecraft:zombie":1,"zombie_extreme:runner":3,"zombie_extreme:divided":2,"zombie_extreme:infected_hazmat":7,"zombie_extreme:assasin_black_ops":1,"zombie_extreme:chainsaw":3,"born_in_chaos_v1:zombieswith_door_n":1,"zombie_extreme:crawler":2}},"DataVersion":2586}