{"stats":{"minecraft:dropped":{"minecraft:iron_ingot":28,"minecraft:iron_sword":1,"minecraft:oak_slab":2,"minecraft:wheat_seeds":1,"minecraft:lapis_lazuli":57,"zombie_extreme:steel_axe":1,"minecraft:jungle_fence":46,"minecraft:cobblestone":192,"minecraft:jungle_wood":45,"minecraft:granite":18,"minecraft:coal":64,"vanillahammers:stone_hammer":1,"minecraft:flint":3,"minecraft:polished_andesite":12,"zombie_extreme:rotten_apple":7,"minecraft:dirt":8,"born_in_chaos_v1:black_argillite":47,"minecraft:diorite":41,"born_in_chaos_v1:monster_skin":3,"minecraft:torch":1,"byg:soapstone":14,"minecraft:jungle_leaves":24,"minecraft:iron_axe":4,"minecraft:sand":4,"minecraft:birch_log":1,"byg:scoria_cobblestone":5,"minecraft:gold_ingot":5,"minecraft:bone":6,"minecraft:redstone":72,"minecraft:gravel":46,"byg:zelkova_planks":1,"minecraft:cocoa_beans":72,"minecraft:birch_sapling":1,"minecraft:wheat":3,"minecraft:rotten_flesh":25,"zombie_extreme:raw_steel":7,"byg:rocky_stone":2,"minecraft:andesite":53,"zombie_extreme:oil_shale":2,"minecraft:iron_ore":12,"minecraft:arrow":10,"minecraft:stone_pickaxe":1,"minecraft:oak_leaves":1,"zombie_extreme:raw_tin":7,"minecraft:brick":5},"minecraft:custom":{"minecraft:mob_kills":53,"minecraft:interact_with_crafting_table":58,"minecraft:open_barrel":3,"minecraft:damage_dealt_resisted":60,"minecraft:leave_game":8,"minecraft:time_since_death":619,"minecraft:sprint_one_cm":490780,"minecraft:walk_one_cm":520250,"minecraft:damage_blocked_by_shield":32627,"minecraft:drop":132,"minecraft:deaths":122,"minecraft:sneak_time":49061,"minecraft:walk_under_water_one_cm":71558,"minecraft:jump":3663,"minecraft:interact_with_blast_furnace":2,"minecraft:walk_on_water_one_cm":79626,"minecraft:interact_with_furnace":40,"minecraft:play_one_minute":295954,"minecraft:time_since_rest":694,"minecraft:damage_taken":24646,"minecraft:damage_dealt":10592,"minecraft:player_kills":2,"minecraft:swim_one_cm":123158,"minecraft:fly_one_cm":346307,"minecraft:open_chest":45,"minecraft:crouch_one_cm":139264,"minecraft:fall_one_cm":65556},"minecraft:killed_by":{"minecraft:player":7,"zombie_extreme:night_hunter":13,"minecraft:spider":4,"zombie_extreme:runner":3,"minecraft:enderman":1,"born_in_chaos_v1:dark_vortex":1,"zombie_extreme:divided":2,"born_in_chaos_v1:baby_skkl":1,"born_in_chaos_v1:fallen_chaos_knight":2,"zombie_extreme:assasin_black_ops":2,"zombie_extreme:ram":1,"zombie_extreme:chainsaw":8,"zombie_extreme:infected_police":5,"born_in_chaos_v1:decaying_zombie":1,"born_in_chaos_v1:bonescaller":2,"born_in_chaos_v1:decrepit_skeleton":1,"zombie_extreme:demolisher":1,"zombie_extreme:infected":9,"zombie_extreme:infected_military":13,"minecraft:skeleton":5,"minecraft:zombie":3,"born_in_chaos_v1:diamond_thermite":1,"zombie_extreme:infected_hazmat":13,"born_in_chaos_v1:dread_hound":5,"zombie_extreme:devastated":1,"born_in_chaos_v1:zombieswith_door_n":1,"zombie_extreme:crawler":3},"minecraft:killed":{"zombie_extreme:night_hunter":3,"minecraft:spider":1,"minecraft:skeleton":1,"zombie_extreme:divided":1,"zombie_extreme:runner":1,"zombie_extreme:crawler":4,"minecraft:parrot":10,"zombie_extreme:boomer":5,"zombie_extreme:infected":5,"zombie_extreme:infected_hazmat":1,"zombie_extreme:bomber":1,"minecraft:zombie":1,"zombie_extreme:devastated":1,"born_in_chaos_v1:dread_hound":2,"born_in_chaos_v1:diamond_thermite":5,"zombie_extreme:infected_police":1,"minecraft:enderman":1,"zombie_extreme:fetus":1,"minecraft:cow":1},"minecraft:crafted":{"minecraft:oak_planks":556,"byg:zelkova_planks":108,"minecraft:furnace":2,"minecraft:jungle_trapdoor":4,"minecraft:glass":13,"minecraft:iron_boots":1,"minecraft:iron_axe":2,"minecraft:stone_pickaxe":2,"minecraft:diamond_boots":1,"byg:mahogany_planks":24,"minecraft:jungle_fence":6,"minecraft:dark_oak_planks":8,"minecraft:oak_fence":264,"minecraft:oak_slab":6,"minecraft:crafting_table":4,"minecraft:spruce_planks":4,"minecraft:iron_helmet":1,"minecraft:wooden_pickaxe":2,"minecraft:iron_sword":1,"minecraft:bucket":1,"minecraft:birch_planks":24,"minecraft:stone_axe":1,"minecraft:jungle_slab":6,"minecraft:air":0,"minecraft:jungle_planks":316,"byg:palm_planks":4,"vanillahammers:stone_hammer":1,"minecraft:diamond_pickaxe":1,"minecraft:iron_chestplate":2,"minecraft:shield":3,"minecraft:stick":264,"minecraft:iron_ingot":33,"byg:mahogany_slab":6,"minecraft:iron_pickaxe":2,"minecraft:gold_ingot":5,"minecraft:wooden_axe":4,"minecraft:iron_leggings":1,"minecraft:torch":48,"minecraft:polished_andesite":8,"minecraft:jungle_sign":6},"minecraft:used":{"minecraft:oak_fence":302,"minecraft:jungle_leaves":142,"minecraft:flint_and_steel":6,"minecraft:spruce_planks":2,"minecraft:shield":55,"minecraft:iron_sword":148,"minecraft:torch":45,"minecraft:dirt":19,"minecraft:jungle_planks":218,"byg:palm_log":1,"minecraft:jungle_slab":7,"minecraft:oak_wood":7,"minecraft:granite":1,"minecraft:jungle_trapdoor":4,"minecraft:glass":13,"minecraft:wooden_axe":229,"minecraft:bricks":1,"minecraft:iron_axe":445,"minecraft:bamboo":5,"minecraft:sweet_berries":1,"minecraft:furnace":2,"vanillahammers:stone_hammer":15,"minecraft:water_bucket":24,"minecraft:iron_ore":2,"zombie_extreme:decomposing_backpack":1,"minecraft:birch_planks":2,"minecraft:stone_pickaxe":3,"minecraft:jungle_fence":8,"minecraft:oak_planks":227,"byg:rocky_stone":2,"minecraft:wooden_pickaxe":21,"minecraft:jungle_wood":229,"zombie_extreme:steel_axe":24,"minecraft:oak_slab":4,"minecraft:crafting_table":10,"minecraft:shears":195,"byg:mahogany_planks":3,"minecraft:diamond_pickaxe":3,"minecraft:iron_pickaxe":403,"byg:soapstone":2,"byg:zelkova_planks":108,"zombie_extreme:pipe":3,"minecraft:stone_axe":111,"minecraft:jungle_sign":6,"minecraft:fire_charge":1,"minecraft:cobblestone":218,"minecraft:andesite":6,"minecraft:bucket":25,"byg:palm_planks":4},"minecraft:broken":{"minecraft:iron_chestplate":2,"minecraft:iron_leggings":1,"minecraft:diamond_boots":1,"minecraft:shield":2,"minecraft:iron_axe":1,"minecraft:stone_axe":1,"zombie_extreme:combat_armor_boots":1,"minecraft:iron_pickaxe":1,"minecraft:iron_helmet":1,"minecraft:wooden_axe":3},"minecraft:picked_up":{"minecraft:cocoa_beans":72,"byg:mahogany_log":6,"minecraft:crafting_table":5,"byg:soapstone":18,"minecraft:wheat":1,"born_in_chaos_v1:seedof_chaos":2,"zombie_extreme:raw_tin":21,"minecraft:brick":5,"born_in_chaos_v1:black_argillite":48,"zombie_extreme:decomposing_backpack":1,"minecraft:jungle_trapdoor":2,"minecraft:iron_axe":2,"byg:zelkova_log":27,"minecraft:beef":2,"minecraft:jungle_sapling":3,"zombie_extreme:steel_axe":2,"zombie_extreme:oil_shale":2,"minecraft:birch_sapling":1,"minecraft:furnace":1,"zombie_extreme:ruby":3,"byg:zelkova_planks":3,"minecraft:stick":2,"minecraft:sandstone":1,"minecraft:oak_fence":79,"minecraft:torch":18,"minecraft:diorite":41,"minecraft:redstone":72,"minecraft:arrow":8,"minecraft:rotten_flesh":28,"born_in_chaos_v1:diamond_thermite_shard":7,"byg:mahogany_sapling":3,"minecraft:shears":1,"zombie_extreme:rotten_apple":8,"byg:palm_log":2,"minecraft:obsidian":3,"byg:rocky_stone":4,"minecraft:cobblestone":467,"minecraft:birch_log":7,"minecraft:feather":1,"minecraft:andesite":68,"zombie_extreme:combat_armor_boots":1,"minecraft:leather":2,"minecraft:jungle_fence":48,"minecraft:jungle_wood":396,"minecraft:flint":3,"minecraft:oak_log":13,"minecraft:lapis_lazuli":57,"minecraft:yellow_bed":2,"minecraft:dirt":61,"zombie_extreme:raw_steel":11,"byg:blue_sand":36,"born_in_chaos_v1:monster_skin":3,"minecraft:bone":10,"byg:scoria_cobblestone":15,"minecraft:wheat_seeds":2,"minecraft:iron_ingot":4,"minecraft:iron_ore":46,"minecraft:bamboo":48,"minecraft:oak_planks":167,"minecraft:sweet_berries":5,"minecraft:gravel":46,"minecraft:sand":17,"minecraft:jungle_planks":179,"minecraft:gold_ore":11,"minecraft:white_bed":1,"minecraft:spruce_log":1,"minecraft:jungle_slab":2,"minecraft:jungle_leaves":166,"minecraft:polished_andesite":6,"minecraft:oak_wood":307,"minecraft:diamond":8,"minecraft:granite":19,"zombie_extreme:raw_thorium":7,"minecraft:coal":17,"minecraft:dark_oak_wood":2,"minecraft:bricks":1,"minecraft:oak_leaves":1},"minecraft:mined":{"minecraft:diamond_ore":8,"byg:short_beach_grass":1,"byg:zelkova_planks":3,"minecraft:white_bed":1,"minecraft:jungle_slab":1,"minecraft:jungle_leaves":203,"minecraft:obsidian":3,"born_in_chaos_v1:infected_diamond_ore":9,"byg:cattail":1,"byg:zelkova_log":28,"minecraft:granite":10,"minecraft:grass_block":9,"minecraft:jungle_planks":114,"born_in_chaos_v1:black_argillite":15,"minecraft:stripped_jungle_wood":1,"minecraft:spruce_leaves":4,"minecraft:sandstone":1,"byg:mahogany_log":5,"minecraft:large_fern":1,"minecraft:redstone_ore":17,"minecraft:furnace":1,"minecraft:iron_ore":47,"zombie_extreme:decomposing_backpack":1,"minecraft:fire":41,"zombie_extreme:ore_steel":5,"minecraft:andesite":40,"byg:rocky_stone":2,"byg:mahogany_leaves":10,"minecraft:stone":220,"zombie_extreme:birdsnest":1,"minecraft:jungle_trapdoor":2,"minecraft:oak_fence":18,"minecraft:crafting_table":5,"minecraft:torch":4,"minecraft:dark_oak_wood":2,"minecraft:oak_wood":136,"minecraft:cobblestone":52,"minecraft:lapis_ore":9,"minecraft:oak_planks":21,"minecraft:bricks":1,"minecraft:diorite":9,"minecraft:wall_torch":5,"byg:soapstone":10,"byg:scoria_stone":5,"minecraft:jungle_wood":394,"zombie_extreme:ore_tin":17,"byg:palm_log":2,"zombie_extreme:thorium_ore":7,"zombie_extreme:ore_ruby":3,"minecraft:birch_log":7,"minecraft:sweet_berry_bush":2,"minecraft:lilac":1,"minecraft:spruce_log":1,"minecraft:birch_leaves":3,"minecraft:yellow_bed":2,"minecraft:grass":7,"minecraft:coal_ore":19,"minecraft:oak_log":13,"minecraft:cocoa":1,"minecraft:gravel":33,"byg:palm_leaves":1,"minecraft:sand":14,"minecraft:dirt":63,"minecraft:gold_ore":12,"minecraft:oak_leaves":7}},"DataVersion":2586}