{"stats":{"minecraft:mined":{"byg:zelkova_planks":2,"minecraft:kelp_plant":2,"minecraft:jungle_leaves":2,"minecraft:oak_fence":4,"byg:zelkova_log":1,"minecraft:torch":3,"minecraft:granite":21,"minecraft:oak_wood":135,"minecraft:grass_block":4,"minecraft:jungle_planks":79,"minecraft:cobblestone":6,"minecraft:oak_planks":1,"minecraft:kelp":6,"minecraft:diorite":6,"minecraft:wall_torch":4,"minecraft:seagrass":4,"minecraft:tall_seagrass":2,"byg:soapstone":8,"byg:scoria_stone":35,"minecraft:jungle_wood":65,"minecraft:iron_ore":74,"minecraft:andesite":37,"minecraft:oak_log":4,"minecraft:coal_ore":116,"zombie_extreme:oil_shale_sand":1,"minecraft:gravel":6,"minecraft:dirt":3,"byg:rocky_stone":18,"minecraft:stone":576,"minecraft:oak_leaves":4},"minecraft:picked_up":{"minecraft:birch_log":1,"byg:soapstone":8,"minecraft:andesite":29,"zombie_extreme:combat_armor_boots":1,"minecraft:jungle_wood":97,"minecraft:flint":1,"minecraft:oak_log":4,"minecraft:brick":3,"minecraft:dirt":7,"zombie_extreme:raw_steel":16,"minecraft:iron_axe":1,"minecraft:bone":10,"byg:scoria_cobblestone":33,"minecraft:kelp":4,"byg:zelkova_log":1,"minecraft:iron_ingot":54,"minecraft:stone_pickaxe":1,"minecraft:iron_ore":74,"minecraft:iron_sword":1,"minecraft:oak_planks":1,"byg:zelkova_planks":3,"minecraft:stick":3,"minecraft:sandstone":1,"minecraft:oak_fence":4,"minecraft:torch":8,"minecraft:gravel":4,"minecraft:jungle_planks":59,"minecraft:diorite":6,"minecraft:oak_wood":123,"minecraft:arrow":3,"minecraft:rotten_flesh":6,"minecraft:granite":21,"zombie_extreme:rotten_apple":2,"vanillahammers:stone_hammer":2,"minecraft:coal":180,"byg:rocky_stone":18,"minecraft:cobblestone":985},"minecraft:broken":{"minecraft:iron_axe":1},"minecraft:killed":{"zombie_extreme:boomer":1,"zombie_extreme:infected":1,"zombie_extreme:infected_hazmat":1,"minecraft:skeleton":1,"minecraft:zombie":1,"zombie_extreme:infected_police":1},"minecraft:dropped":{"minecraft:iron_ingot":4,"minecraft:cobblestone":128,"minecraft:oak_planks":145,"minecraft:jungle_planks":84,"minecraft:coal":32,"zombie_extreme:rotten_apple":1,"minecraft:oak_wood":31,"byg:rocky_stone":9,"zombie_extreme:pipe":1,"minecraft:brick":1},"minecraft:custom":{"minecraft:interact_with_furnace":15,"minecraft:mob_kills":7,"minecraft:interact_with_crafting_table":13,"minecraft:open_barrel":2,"minecraft:play_one_minute":126876,"minecraft:leave_game":6,"minecraft:time_since_death":1545,"minecraft:time_since_rest":1596,"minecraft:damage_taken":14337,"minecraft:sprint_one_cm":153716,"minecraft:walk_one_cm":229432,"minecraft:damage_blocked_by_shield":1376,"minecraft:drop":17,"minecraft:damage_dealt":1812,"minecraft:swim_one_cm":90488,"minecraft:fly_one_cm":142425,"minecraft:player_kills":4,"minecraft:open_chest":5,"minecraft:crouch_one_cm":36772,"minecraft:deaths":58,"minecraft:sneak_time":13941,"minecraft:walk_under_water_one_cm":44827,"minecraft:jump":1243,"minecraft:walk_on_water_one_cm":42760,"minecraft:fall_one_cm":27390},"minecraft:used":{"vanillahammers:stone_hammer":119,"minecraft:stone_pickaxe":6,"minecraft:oak_planks":67,"minecraft:chest":6,"minecraft:shield":33,"minecraft:iron_sword":13,"minecraft:oak_door":1,"minecraft:torch":72,"minecraft:jungle_wood":11,"minecraft:dirt":7,"minecraft:crafting_table":1,"minecraft:jungle_planks":100,"minecraft:oak_wood":2,"minecraft:iron_axe":298,"byg:zelkova_planks":5,"zombie_extreme:pipe":8,"minecraft:cobblestone":236},"minecraft:killed_by":{"zombie_extreme:boomer":3,"minecraft:player":4,"zombie_extreme:demolisher":2,"zombie_extreme:night_hunter":4,"zombie_extreme:infected":2,"zombie_extreme:infected_military":2,"minecraft:skeleton":2,"minecraft:spider":3,"minecraft:zombie":4,"zombie_extreme:runner":2,"zombie_extreme:infected_hazmat":10,"born_in_chaos_v1:wither_strider":1,"born_in_chaos_v1:fallen_chaos_knight":1,"minecraft:drowned":1,"zombie_extreme:assasin_black_ops":1,"zombie_extreme:ram":1,"born_in_chaos_v1:dread_hound":1,"zombie_extreme:chainsaw":3,"zombie_extreme:infected_police":5,"zombie_extreme:crawler":1},"minecraft:crafted":{"minecraft:oak_door":3,"minecraft:oak_planks":252,"minecraft:crafting_table":2,"minecraft:wooden_pickaxe":1,"byg:zelkova_planks":4,"minecraft:iron_sword":1,"minecraft:birch_planks":4,"minecraft:air":0,"minecraft:jungle_planks":256,"minecraft:shield":2,"minecraft:iron_axe":2,"minecraft:stick":24,"minecraft:iron_ingot":6,"minecraft:chest":6,"minecraft:torch":64}},"DataVersion":2586}