{"stats":{"minecraft:used":{"additionalguns:python":9,"additionalguns:usas12":2,"minecraft:jungle_leaves":2,"minecraft:iron_shovel":123,"minecraft:spruce_slab":81,"minecraft:chest":12,"additionalguns:awm":4,"minecraft:spruce_planks":93,"minecraft:shield":102,"minecraft:iron_sword":212,"minecraft:stone":77,"additionalguns:over_under":18,"minecraft:rotten_flesh":8,"minecraft:oak_door":1,"minecraft:torch":274,"minecraft:dirt":8,"additionalguns:vintorez":16,"minecraft:jungle_planks":100,"minecraft:spruce_stairs":51,"minecraft:oak_wood":2,"minecraft:jungle_trapdoor":1,"minecraft:granite":17,"zombie_extreme:chainsaw_spawn_egg":1,"minecraft:glass":586,"minecraft:lantern":6,"minecraft:iron_axe":466,"minecraft:furnace":10,"minecraft:stone_pressure_plate":1,"vanillahammers:stone_hammer":206,"minecraft:water_bucket":56,"minecraft:diorite":29,"minecraft:cobblestone_stairs":71,"vanillahammers:iron_hammer":487,"minecraft:stone_pickaxe":128,"minecraft:jungle_fence":49,"minecraft:oak_planks":136,"vanillahammers:lapis_hammer":156,"minecraft:cobblestone_slab":762,"minecraft:oak_leaves":1,"minecraft:jungle_wood":13,"minecraft:sand":473,"zombie_extreme:steel_axe":96,"minecraft:crafting_table":4,"minecraft:blast_furnace":1,"minecraft:campfire":2,"additionalguns:9a91":5,"minecraft:spruce_log":49,"minecraft:oak_log":6,"minecraft:iron_pickaxe":49,"minecraft:stone_button":2,"minecraft:spruce_trapdoor":20,"additionalguns:akm_custom":4,"byg:zelkova_planks":5,"zombie_extreme:pipe":8,"minecraft:iron_door":3,"additionalguns:scar":12,"minecraft:cobblestone":1679,"additionalguns:ace_of_spades":16,"minecraft:andesite":25,"minecraft:glass_pane":10,"minecraft:chain":4},"minecraft:crafted":{"minecraft:oak_door":3,"minecraft:oak_planks":420,"minecraft:cobblestone_slab":336,"byg:zelkova_planks":4,"minecraft:furnace":8,"minecraft:iron_axe":2,"minecraft:chest":12,"minecraft:jungle_fence":48,"minecraft:oak_fence":57,"minecraft:crafting_table":4,"minecraft:wooden_pickaxe":1,"minecraft:iron_helmet":1,"minecraft:iron_sword":1,"minecraft:birch_planks":4,"minecraft:air":0,"minecraft:jungle_planks":436,"minecraft:shield":3,"minecraft:stick":164,"minecraft:iron_ingot":50,"minecraft:iron_pickaxe":1,"minecraft:iron_block":4,"vanillahammers:iron_hammer":2,"minecraft:iron_shovel":1,"minecraft:torch":284,"minecraft:shears":2},"minecraft:broken":{"vanillahammers:iron_hammer":2,"minecraft:iron_chestplate":1,"minecraft:stone_pickaxe":1,"minecraft:shield":3,"minecraft:iron_axe":1,"zombie_extreme:combat_armor_boots":2,"minecraft:iron_helmet":1,"vanillahammers:lapis_hammer":1},"minecraft:mined":{"byg:maple_log":24,"byg:zelkova_planks":2,"byg:scoria_cobblestone":3,"minecraft:jungle_slab":2,"minecraft:jungle_leaves":3,"byg:zelkova_log":1,"minecraft:granite":252,"minecraft:grass_block":4,"minecraft:jungle_planks":79,"minecraft:stripped_jungle_wood":1,"minecraft:kelp":6,"minecraft:tall_seagrass":2,"minecraft:furnace":2,"minecraft:iron_ore":205,"zombie_extreme:ore_lead":6,"zombie_extreme:ore_steel":16,"minecraft:andesite":379,"zombie_extreme:oil_shale_sand":1,"minecraft:cobblestone_slab":34,"byg:rocky_stone":111,"minecraft:stone":4996,"zombie_extreme:ore_aluminum":4,"minecraft:kelp_plant":2,"minecraft:oak_fence":4,"minecraft:torch":10,"minecraft:crafting_table":1,"minecraft:blast_furnace":1,"minecraft:oak_wood":275,"minecraft:cobblestone":337,"minecraft:glass":6,"minecraft:lapis_ore":8,"minecraft:oak_planks":5,"minecraft:diorite":142,"minecraft:wall_torch":14,"minecraft:seagrass":4,"byg:soapstone":82,"byg:scoria_stone":201,"minecraft:jungle_wood":103,"zombie_extreme:ore_tin":21,"minecraft:birch_log":15,"zombie_extreme:thorium_ore":1,"minecraft:jungle_fence":4,"minecraft:oak_log":4,"minecraft:coal_ore":346,"minecraft:sand":1,"minecraft:gravel":135,"minecraft:dirt":3,"minecraft:gold_ore":29,"minecraft:oak_leaves":4},"minecraft:custom":{"minecraft:mob_kills":101,"minecraft:interact_with_crafting_table":37,"minecraft:open_barrel":2,"minecraft:damage_dealt_resisted":192,"minecraft:leave_game":9,"minecraft:time_since_death":54436,"minecraft:climb_one_cm":563,"minecraft:sprint_one_cm":629823,"minecraft:walk_one_cm":988057,"minecraft:damage_blocked_by_shield":65621,"minecraft:drop":90,"minecraft:sneak_time":37158,"minecraft:deaths":104,"minecraft:walk_under_water_one_cm":223348,"minecraft:jump":3522,"minecraft:interact_with_blast_furnace":10,"minecraft:walk_on_water_one_cm":134942,"minecraft:interact_with_furnace":38,"minecraft:play_one_minute":485040,"minecraft:time_since_rest":54480,"minecraft:damage_taken":24744,"minecraft:damage_dealt":14289,"minecraft:player_kills":13,"minecraft:swim_one_cm":215273,"minecraft:fly_one_cm":878349,"minecraft:open_chest":75,"minecraft:crouch_one_cm":91669,"minecraft:fall_one_cm":43213},"minecraft:killed_by":{"zombie_extreme:boomer":4,"minecraft:player":7,"zombie_extreme:night_hunter":9,"minecraft:spider":3,"zombie_extreme:runner":2,"zombie_extreme:infected_juggernaut":1,"born_in_chaos_v1:wither_strider":1,"born_in_chaos_v1:fallen_chaos_knight":1,"minecraft:drowned":1,"zombie_extreme:assasin_black_ops":1,"zombie_extreme:ram":2,"zombie_extreme:chainsaw":11,"zombie_extreme:infected_police":6,"born_in_chaos_v1:bonescaller":2,"zombie_extreme:demolisher":3,"zombie_extreme:infected":9,"zombie_extreme:infected_military":9,"minecraft:skeleton":4,"minecraft:zombie":4,"zombie_extreme:infected_hazmat":13,"born_in_chaos_v1:dread_hound":1,"zombie_extreme:crawler":2,"zombie_extreme:military":2},"minecraft:dropped":{"minecraft:iron_ingot":12,"minecraft:gold_ore":21,"minecraft:iron_sword":1,"minecraft:lapis_lazuli":58,"minecraft:jungle_fence":48,"minecraft:oak_fence":61,"minecraft:cobblestone":1561,"zombie_extreme:cloth":2,"minecraft:granite":2,"minecraft:jungle_planks":160,"minecraft:coal":178,"zombie_extreme:rotten_apple":1,"minecraft:stick":7,"minecraft:flint":1,"zombie_extreme:raw_thorium":1,"minecraft:torch":65,"byg:soapstone":2,"zombie_extreme:raw_lead":6,"zombie_extreme:pipe":1,"minecraft:iron_pickaxe":1,"minecraft:gravel":35,"zombie_extreme:raw_aluminum":4,"minecraft:rotten_flesh":5,"zombie_extreme:ignotsteel":39,"minecraft:oak_planks":145,"minecraft:shears":1,"zombie_extreme:raw_steel":17,"minecraft:cobblestone_slab":2,"minecraft:oak_wood":159,"byg:rocky_stone":137,"minecraft:andesite":25,"minecraft:iron_ore":51,"minecraft:stone_pickaxe":1,"minecraft:brick":1,"zombie_extreme:raw_tin":16},"minecraft:killed":{"zombie_extreme:night_hunter":2,"born_in_chaos_v1:phantom_creeper_form":2,"minecraft:cod":2,"minecraft:zombie_horse":1,"zombie_extreme:divided":1,"minecraft:skeleton":6,"zombie_extreme:goon":1,"zombie_extreme:ram":1,"zombie_extreme:runner":8,"zombie_extreme:crawler":6,"born_in_chaos_v1:bonescaller":1,"zombie_extreme:boomer":10,"zombie_extreme:infected_military":5,"zombie_extreme:infected":11,"zombie_extreme:infected_hazmat":7,"born_in_chaos_v1:wither_strider":1,"born_in_chaos_v1:skeleton_bomb":1,"zombie_extreme:bomber":1,"zombie_extreme:military":1,"born_in_chaos_v1:decrepit_skeleton":3,"minecraft:sheep":1,"zombie_extreme:chainsaw":8,"born_in_chaos_v1:zombieswith_door":1,"born_in_chaos_v1:decaying_zombie":2,"minecraft:zombie":2,"born_in_chaos_v1:dread_hound":2,"born_in_chaos_v1:zombiesina_barrel":2,"born_in_chaos_v1:dark_vortex":1,"zombie_extreme:devastated":2,"zombie_extreme:infected_police":10,"zombie_extreme:assasin_black_ops":1},"minecraft:picked_up":{"minecraft:cocoa_beans":3,"minecraft:crafting_table":1,"byg:soapstone":95,"zombie_extreme:raw_tin":18,"minecraft:wither_rose":1,"minecraft:shield":3,"minecraft:brick":4,"minecraft:jungle_trapdoor":1,"minecraft:string":3,"minecraft:iron_axe":1,"byg:zelkova_log":1,"minecraft:iron_pickaxe":1,"minecraft:cobblestone_slab":35,"zombie_extreme:steel_axe":2,"zombie_extreme:ignotsteel":39,"minecraft:phantom_membrane":1,"minecraft:furnace":2,"byg:zelkova_planks":3,"zombie_extreme:raw_aluminum":4,"minecraft:stick":10,"minecraft:sandstone":2,"minecraft:oak_fence":4,"minecraft:torch":218,"minecraft:diorite":200,"born_in_chaos_v1:pieceofdarkmetal":1,"minecraft:arrow":7,"minecraft:rotten_flesh":46,"zombie_extreme:rotten_apple":16,"vanillahammers:lapis_hammer":2,"vanillahammers:iron_hammer":1,"minecraft:mutton":1,"minecraft:cod":11,"byg:rocky_stone":199,"minecraft:white_wool":4,"minecraft:cobblestone":6440,"minecraft:birch_log":16,"minecraft:iron_door":1,"minecraft:andesite":394,"zombie_extreme:combat_armor_boots":2,"minecraft:brown_wool":1,"minecraft:jungle_fence":50,"minecraft:jungle_wood":135,"minecraft:flint":17,"minecraft:oak_log":4,"minecraft:gunpowder":1,"minecraft:lapis_lazuli":58,"minecraft:dirt":10,"zombie_extreme:raw_steel":33,"zombie_extreme:raw_lead":6,"minecraft:bone":23,"byg:scoria_cobblestone":263,"minecraft:apple":3,"minecraft:kelp":8,"minecraft:iron_ingot":72,"minecraft:stone_pickaxe":3,"minecraft:iron_ore":231,"zombie_extreme:cloth":2,"minecraft:glass_bottle":4,"minecraft:iron_sword":3,"minecraft:oak_planks":19,"byg:maple_log":23,"minecraft:sand":1,"minecraft:gravel":123,"minecraft:jungle_planks":60,"minecraft:blast_furnace":1,"minecraft:gold_ore":37,"minecraft:jungle_slab":2,"minecraft:jungle_leaves":22,"minecraft:oak_wood":262,"minecraft:stripped_jungle_wood":2,"minecraft:granite":245,"zombie_extreme:raw_thorium":1,"vanillahammers:stone_hammer":2,"minecraft:coal":552,"minecraft:oak_leaves":1}},"DataVersion":2586}