{"stats":{"minecraft:custom":{"minecraft:interact_with_crafting_table":44,"minecraft:open_barrel":2,"minecraft:leave_game":10,"minecraft:time_since_death":2791,"minecraft:sprint_one_cm":830759,"minecraft:damage_blocked_by_shield":97316,"minecraft:drop":121,"minecraft:deaths":134,"minecraft:jump":4303,"minecraft:walk_on_water_one_cm":157394,"minecraft:interact_with_furnace":41,"minecraft:play_one_minute":642284,"minecraft:sleep_in_bed":2,"minecraft:damage_dealt":18593,"minecraft:player_kills":13,"minecraft:crouch_one_cm":106491,"minecraft:mob_kills":161,"minecraft:damage_dealt_resisted":192,"minecraft:climb_one_cm":563,"minecraft:walk_one_cm":1342219,"minecraft:sneak_time":42331,"minecraft:walk_under_water_one_cm":248252,"minecraft:interact_with_blast_furnace":10,"minecraft:time_since_rest":2821,"minecraft:damage_taken":32768,"minecraft:swim_one_cm":223271,"minecraft:fly_one_cm":1071954,"minecraft:open_chest":123,"minecraft:fall_one_cm":51871},"minecraft:crafted":{"minecraft:oak_planks":676,"minecraft:cobblestone_slab":348,"byg:zelkova_planks":4,"minecraft:chest":12,"minecraft:stone_hoe":1,"minecraft:oak_fence":57,"minecraft:oak_slab":132,"minecraft:crafting_table":4,"minecraft:wooden_pickaxe":1,"minecraft:iron_helmet":1,"minecraft:birch_planks":4,"minecraft:shield":4,"minecraft:stick":196,"minecraft:iron_ingot":50,"minecraft:iron_pickaxe":1,"minecraft:iron_block":4,"vanillahammers:iron_hammer":2,"minecraft:shears":2,"minecraft:oak_door":3,"minecraft:furnace":8,"minecraft:iron_axe":2,"minecraft:jungle_fence":48,"minecraft:iron_sword":1,"minecraft:air":0,"minecraft:jungle_planks":436,"minecraft:iron_shovel":1,"minecraft:torch":284},"minecraft:picked_up":{"minecraft:wither_rose":1,"born_in_chaos_v1:black_argillite":62,"minecraft:string":7,"minecraft:cobblestone_slab":41,"minecraft:iron_pickaxe":1,"minecraft:furnace":2,"zombie_extreme:police_suit_helmet":1,"zombie_extreme:ruby":8,"byg:zelkova_planks":3,"zombie_extreme:raw_aluminum":5,"minecraft:stick":10,"minecraft:oak_fence":4,"minecraft:torch":252,"minecraft:diorite":217,"minecraft:rotten_flesh":69,"zombie_extreme:rotten_apple":25,"vanillahammers:iron_hammer":2,"minecraft:cod":22,"minecraft:cobblestone":7298,"tac:workbench":1,"minecraft:birch_log":16,"minecraft:iron_door":1,"minecraft:andesite":404,"minecraft:brown_wool":1,"minecraft:jungle_wood":150,"minecraft:potato":8,"minecraft:flint":17,"minecraft:lapis_lazuli":90,"minecraft:dirt":91,"minecraft:bone":28,"minecraft:oak_planks":134,"minecraft:jungle_planks":60,"minecraft:sand":1,"minecraft:jungle_slab":2,"minecraft:jungle_leaves":22,"minecraft:granite":287,"zombie_extreme:raw_thorium":8,"minecraft:oak_leaves":1,"minecraft:cocoa_beans":3,"minecraft:crafting_table":1,"byg:soapstone":138,"zombie_extreme:raw_tin":21,"minecraft:brick":9,"minecraft:shield":3,"minecraft:jungle_trapdoor":1,"minecraft:iron_axe":1,"byg:zelkova_log":1,"zombie_extreme:steel_axe":2,"minecraft:phantom_membrane":1,"zombie_extreme:ignotsteel":39,"minecraft:sandstone":2,"tac:colt_python":1,"born_in_chaos_v1:pieceofdarkmetal":1,"minecraft:redstone":79,"minecraft:arrow":9,"vanillahammers:lapis_hammer":2,"minecraft:mutton":1,"byg:rocky_stone":229,"minecraft:white_wool":15,"zombie_extreme:combat_armor_boots":2,"minecraft:leather":2,"minecraft:jungle_fence":50,"minecraft:oak_log":4,"minecraft:gunpowder":1,"zombie_extreme:raw_steel":40,"zombie_extreme:raw_lead":6,"byg:scoria_cobblestone":269,"minecraft:apple":3,"minecraft:kelp":8,"minecraft:iron_ingot":73,"minecraft:stone_pickaxe":3,"minecraft:iron_ore":252,"zombie_extreme:cloth":3,"minecraft:glass_bottle":4,"minecraft:iron_sword":3,"byg:maple_log":23,"minecraft:oak_slab":49,"minecraft:gravel":125,"minecraft:blast_furnace":1,"minecraft:gold_ore":49,"minecraft:oak_wood":262,"minecraft:stripped_jungle_wood":2,"vanillahammers:stone_hammer":2,"minecraft:coal":626},"minecraft:broken":{"minecraft:iron_chestplate":1,"minecraft:stone_pickaxe":1,"vanillahammers:lapis_hammer":1,"vanillahammers:iron_hammer":3,"zombie_extreme:police_suit_helmet":1,"minecraft:shield":4,"minecraft:iron_axe":1,"zombie_extreme:police_suit_chestplate":1,"zombie_extreme:combat_armor_boots":2,"minecraft:iron_helmet":1},"minecraft:used":{"additionalguns:usas12":2,"minecraft:iron_shovel":205,"minecraft:spruce_slab":81,"additionalguns:awm":4,"minecraft:chest":12,"minecraft:shield":119,"minecraft:stone":77,"minecraft:iron_sword":302,"minecraft:rotten_flesh":8,"minecraft:mutton":1,"minecraft:jungle_planks":100,"minecraft:glass":586,"minecraft:lantern":12,"minecraft:furnace":10,"minecraft:potato":18,"vanillahammers:stone_hammer":206,"minecraft:diorite":29,"minecraft:stone_pickaxe":128,"minecraft:jungle_fence":49,"minecraft:oak_planks":603,"vanillahammers:lapis_hammer":156,"minecraft:oak_leaves":1,"minecraft:sand":473,"zombie_extreme:steel_axe":192,"minecraft:blast_furnace":1,"additionalguns:9a91":5,"minecraft:stone_button":2,"minecraft:iron_door":3,"byg:zelkova_planks":5,"zombie_extreme:pipe":8,"additionalguns:scar":12,"additionalguns:ace_of_spades":16,"minecraft:andesite":25,"minecraft:chain":4,"additionalguns:python":9,"minecraft:oak_fence":232,"minecraft:jungle_leaves":2,"minecraft:spruce_planks":93,"additionalguns:over_under":35,"minecraft:stone_hoe":37,"minecraft:oak_door":1,"minecraft:torch":368,"minecraft:dirt":52,"cgm:workbench":3,"additionalguns:vintorez":16,"minecraft:spruce_stairs":51,"minecraft:oak_wood":2,"minecraft:jungle_trapdoor":1,"minecraft:granite":17,"zombie_extreme:chainsaw_spawn_egg":1,"minecraft:iron_axe":466,"minecraft:stone_pressure_plate":1,"tac:workbench":2,"minecraft:water_bucket":140,"minecraft:cobblestone_stairs":71,"vanillahammers:iron_hammer":634,"minecraft:cobblestone_slab":793,"minecraft:jungle_wood":69,"minecraft:oak_slab":575,"minecraft:crafting_table":4,"minecraft:red_bed":12,"minecraft:campfire":2,"minecraft:cod":1,"minecraft:spruce_log":49,"minecraft:oak_log":6,"minecraft:iron_pickaxe":88,"minecraft:spruce_trapdoor":20,"additionalguns:akm_custom":4,"additionalguns:m4a4":148,"minecraft:cobblestone":2299,"minecraft:bucket":4,"minecraft:glass_pane":10},"minecraft:killed_by":{"zombie_extreme:night_hunter":12,"zombie_extreme:runner":2,"zombie_extreme:divided":3,"born_in_chaos_v1:wither_strider":1,"minecraft:drowned":1,"zombie_extreme:assasin_black_ops":1,"zombie_extreme:ram":2,"zombie_extreme:chainsaw":11,"zombie_extreme:bomber":3,"zombie_extreme:demolisher":3,"zombie_extreme:infected_military":11,"minecraft:zombie":4,"zombie_extreme:crawler":2,"zombie_extreme:boomer":5,"minecraft:player":7,"minecraft:spider":4,"zombie_extreme:infected_juggernaut":1,"born_in_chaos_v1:fallen_chaos_knight":1,"zombie_extreme:infected_police":6,"born_in_chaos_v1:decaying_zombie":1,"born_in_chaos_v1:bonescaller":2,"born_in_chaos_v1:decrepit_skeleton":1,"zombie_extreme:infected":10,"minecraft:skeleton":5,"born_in_chaos_v1:diamond_thermite":1,"zombie_extreme:infected_hazmat":21,"born_in_chaos_v1:dread_hound":1,"zombie_extreme:devastated":3,"zombie_extreme:military":2},"minecraft:killed":{"zombie_extreme:night_hunter":5,"zombie_extreme:infected_juggernaut":1,"born_in_chaos_v1:phantom_creeper_form":2,"minecraft:cod":2,"minecraft:zombie_horse":1,"zombie_extreme:divided":3,"minecraft:skeleton":8,"zombie_extreme:goon":1,"zombie_extreme:ram":1,"minecraft:parrot":1,"born_in_chaos_v1:bonescaller":1,"zombie_extreme:infected_hazmat":14,"zombie_extreme:bomber":5,"zombie_extreme:chainsaw":9,"minecraft:sheep":1,"born_in_chaos_v1:dread_hound":2,"minecraft:zombie":3,"born_in_chaos_v1:zombiesina_barrel":2,"zombie_extreme:infected_police":13,"zombie_extreme:devastated":4,"sanitydim:rotting_stalker":2,"zombie_extreme:demolisher":1,"zombie_extreme:runner":13,"zombie_extreme:crawler":9,"zombie_extreme:boomer":13,"zombie_extreme:infected_military":8,"zombie_extreme:infected":23,"born_in_chaos_v1:wither_strider":1,"born_in_chaos_v1:skeleton_bomb":1,"zombie_extreme:military":2,"born_in_chaos_v1:decrepit_skeleton":4,"born_in_chaos_v1:zombieswith_door":1,"born_in_chaos_v1:decaying_zombie":2,"born_in_chaos_v1:dark_vortex":1,"zombie_extreme:assasin_black_ops":1},"minecraft:dropped":{"minecraft:gold_ore":21,"minecraft:iron_sword":1,"minecraft:lapis_lazuli":58,"minecraft:jungle_fence":48,"minecraft:jungle_planks":160,"minecraft:cod":11,"zombie_extreme:rotten_apple":1,"minecraft:flint":1,"minecraft:dirt":33,"tac:colt_python":1,"zombie_extreme:pipe":1,"minecraft:iron_pickaxe":1,"byg:scoria_cobblestone":6,"minecraft:gravel":35,"zombie_extreme:raw_aluminum":4,"minecraft:rotten_flesh":6,"minecraft:oak_planks":152,"zombie_extreme:ignotsteel":39,"zombie_extreme:raw_steel":17,"minecraft:oak_wood":159,"byg:rocky_stone":152,"minecraft:iron_ore":51,"minecraft:stone_hoe":1,"minecraft:iron_ingot":12,"minecraft:oak_fence":61,"minecraft:cobblestone":2076,"minecraft:jungle_wood":13,"zombie_extreme:cloth":2,"minecraft:granite":44,"minecraft:coal":221,"minecraft:stick":7,"zombie_extreme:raw_thorium":1,"minecraft:diorite":17,"minecraft:torch":67,"byg:soapstone":24,"zombie_extreme:raw_lead":6,"minecraft:bucket":1,"minecraft:shears":1,"minecraft:cobblestone_slab":2,"minecraft:andesite":35,"minecraft:stone_pickaxe":1,"zombie_extreme:raw_tin":16,"minecraft:brick":1},"minecraft:mined":{"byg:maple_log":24,"byg:zelkova_planks":2,"minecraft:jungle_slab":2,"minecraft:jungle_leaves":3,"minecraft:granite":294,"minecraft:grass_block":4,"minecraft:tall_seagrass":2,"minecraft:iron_ore":225,"zombie_extreme:ore_steel":23,"minecraft:kelp_plant":2,"minecraft:torch":17,"minecraft:blast_furnace":1,"minecraft:glass":6,"minecraft:cobblestone":347,"minecraft:oak_planks":49,"tac:workbench":1,"minecraft:wall_torch":28,"minecraft:seagrass":4,"byg:soapstone":124,"minecraft:jungle_wood":105,"zombie_extreme:thorium_ore":8,"minecraft:birch_log":15,"zombie_extreme:ore_ruby":8,"minecraft:grass":1,"minecraft:oak_log":4,"minecraft:sand":1,"minecraft:dirt":86,"minecraft:oak_leaves":4,"byg:scoria_cobblestone":3,"byg:zelkova_log":1,"minecraft:jungle_planks":79,"minecraft:stripped_jungle_wood":1,"born_in_chaos_v1:black_argillite":70,"minecraft:kelp":6,"minecraft:redstone_ore":18,"minecraft:furnace":2,"zombie_extreme:ore_lead":6,"minecraft:andesite":389,"minecraft:potatoes":8,"minecraft:cobblestone_slab":40,"zombie_extreme:oil_shale_sand":1,"byg:rocky_stone":126,"minecraft:stone":5882,"zombie_extreme:ore_aluminum":5,"minecraft:oak_slab":48,"minecraft:oak_fence":4,"minecraft:crafting_table":1,"minecraft:oak_wood":275,"minecraft:lapis_ore":14,"minecraft:diorite":161,"byg:scoria_stone":207,"zombie_extreme:ore_tin":24,"minecraft:jungle_fence":4,"minecraft:coal_ore":425,"minecraft:gravel":135,"minecraft:gold_ore":42}},"DataVersion":2586}